Workbook

Sheet 08월 사용내역
A1: 2026년 08월 법인카드 영수증
A2: 영수증 19건 | 사용자 10명 | 카드 결제액 260,240원 | 이름은 파일명 기준, 날짜·금액은 원본 확인
A4: 날짜 | B4: 금액(카드 결제액) | C4: 이름(파일명) | D4: 거래처 | E4: 사용 구분(파일명) | F4: 원본 파일명 | G4: 비고
A5: 46235 | B5: 15000 | C5: 박종민 | D5: 프레디버거 교대역점 | E5: 야간 식대 | F5: 2026_0801(토)_야간 식대_박종민.jpeg
A6: 46235 | B6: 15000 | C6: 김세훈 | D6: 포호아 예술의전당점 | E6: 점심 식대 | F6: 2026_0801(토)_점심 식대_김세훈.jpg | G6: 영수증 총액 16,000원 = 카드 15,000원 + 현금 1,000원. 금액은 카드 결제액.
A7: 46236 | B7: 8800 | C7: 김태신 | D7: 이마트24 서초점 | E7: 야간 식대 | F7: 2026_0802(일)_야간 식대_김태신.pdf | G7: 할인 적용 후 카드 결제액 8,800원.
A8: 46236 | B8: 10500 | C8: 강은지 | D8: 고봉김밥 예술의전당점 | E8: 점심 식대 | F8: 2026_0802(일)_점심 식대_강은지.jpg
A9: 46242 | B9: 10500 | C9: 김태신 | D9: 세븐일레븐 서초예당점 | E9: 야간 식대 | F9: 2026_0808(토)_야간 식대_김태신.pdf
A10: 46242 | B10: 15000 | C10: 박성흠 | D10: KFC 서초동점 | E10: 점심 식대 | F10: 2026_0808(토)_점심 식대_박성흠.png | G10: 영수증 표기 “서초동”; 사업자번호·전화번호가 다른 KFC 영수증과 일치하며 회사 거래처 표기로 정리.
A11: 46243 | B11: 14600 | C11: 조대중 | D11: KFC 서초동점 | E11: 야간 식대 | F11: 2026_0809(일)_야간 식대_조대중.jpg | G11: 영수증 표기: KFC서초동에프.
A12: 46243 | B12: 14000 | C12: 유환익 | D12: 평안도식당 교대점 | E12: 주간 식대 | F12: 2026_0809(일)_주간 식대_유환익.png
A13: 46249 | B13: 14900 | C13: 조대중 | D13: KFC 서초동점 | E13: 야간 식대 | F13: 2026_0815(토)_야간 식대_조대중.jpg | G13: 영수증 표기: KFC서초동에프.
A14: 46249 | B14: 14500 | C14: 이예진 | D14: 고봉김밥 예술의전당점 | E14: 점심 식대 | F14: 2026_0815(토)_점심 식대_이예진.jpeg
A15: 46251 | B15: 14900 | C15: 조대중 | D15: KFC 서초동점 | E15: 야간 식대 | F15: 2026_0817(월)_야간 식대_조대중.jpg | G15: 영수증 표기: KFC서초동에프.
A16: 46251 | B16: 12340 | C16: 유환익 | D16: 이마트24 예술의전당점 | E16: 주간 식대 | F16: 2026_0817(월)_주간 식대_유환익.png
A17: 46256 | B17: 14200 | C17: 강은지 | D17: 순옥정 | E17: 야간 식대 | F17: 2026_0822(토)_야간 식대_강은지.jpeg | G17: 회사 거래처 표기는 순옥에프앤비. 영수증의 상점명 사용.
A18: 46256 | B18: 14000 | C18: 이현정 | D18: 허수아비돈까스 | E18: 주말 식대 | F18: 2026_0822(토)_주말 식대_이현정.jpeg | G18: 영수증에 지점명이 “(서”까지 표시되어 지점명 생략.
A19: 46257 | B19: 14800 | C19: 유환익 | D19: 세븐일레븐 서초예당점 | E19: 야간 식대 | F19: 2026_0823(일)_야간 식대_유환익.png
A20: 46257 | B20: 14500 | C20: 김세훈 | D20: 제육대가(서초점) | E20: 주간 식대 | F20: 2026_0823(일)_주간 식대_김세훈.jpeg
A21: 46263 | B21: 14500 | C21: 유환익 | D21: 제육대가(서초점) | E21: 야간 식대 | F21: 2026_0829(토)_야간 식대_유환익.png
A22: 46263 | B22: 14700 | C22: 조대중 | D22: KFC 서초동점 | E22: 주말 식대 | F22: 2026_0829(토)_주말 식대_조대중.jpg | G22: 영수증 표기: KFC서초동에프.
A23: 46264 | B23: 13500 | C23: 김승희 | D23: 포호아 예술의전당점 | E23: 주말 식대 | F23: 2026_0830(일)_주말 식대_김승희.jpeg
A24: 합계 | B24: =SUM(B5:B23) -> 260240

Sheet 사용자별 합계
A1: 2026년 08월 사용자별 합계
A2: 08월 사용내역 시트를 기준으로 집계한 카드 결제액입니다.
A4: 이름(파일명) | B4: 건수 | C4: 카드 결제액
A5: 강은지 | B5: =COUNTIF('08월 사용내역'!C$5:C$23,A5) -> 2 | C5: =SUMIF('08월 사용내역'!C$5:C$23,A5,'08월 사용내역'!B$5:B$23) -> 24700
A6: 김세훈 | B6: =COUNTIF('08월 사용내역'!C$5:C$23,A6) -> 2 | C6: =SUMIF('08월 사용내역'!C$5:C$23,A6,'08월 사용내역'!B$5:B$23) -> 29500
A7: 김승희 | B7: =COUNTIF('08월 사용내역'!C$5:C$23,A7) -> 1 | C7: =SUMIF('08월 사용내역'!C$5:C$23,A7,'08월 사용내역'!B$5:B$23) -> 13500
A8: 김태신 | B8: =COUNTIF('08월 사용내역'!C$5:C$23,A8) -> 2 | C8: =SUMIF('08월 사용내역'!C$5:C$23,A8,'08월 사용내역'!B$5:B$23) -> 19300
A9: 박성흠 | B9: =COUNTIF('08월 사용내역'!C$5:C$23,A9) -> 1 | C9: =SUMIF('08월 사용내역'!C$5:C$23,A9,'08월 사용내역'!B$5:B$23) -> 15000
A10: 박종민 | B10: =COUNTIF('08월 사용내역'!C$5:C$23,A10) -> 1 | C10: =SUMIF('08월 사용내역'!C$5:C$23,A10,'08월 사용내역'!B$5:B$23) -> 15000
A11: 유환익 | B11: =COUNTIF('08월 사용내역'!C$5:C$23,A11) -> 4 | C11: =SUMIF('08월 사용내역'!C$5:C$23,A11,'08월 사용내역'!B$5:B$23) -> 55640
A12: 이예진 | B12: =COUNTIF('08월 사용내역'!C$5:C$23,A12) -> 1 | C12: =SUMIF('08월 사용내역'!C$5:C$23,A12,'08월 사용내역'!B$5:B$23) -> 14500
A13: 이현정 | B13: =COUNTIF('08월 사용내역'!C$5:C$23,A13) -> 1 | C13: =SUMIF('08월 사용내역'!C$5:C$23,A13,'08월 사용내역'!B$5:B$23) -> 14000
A14: 조대중 | B14: =COUNTIF('08월 사용내역'!C$5:C$23,A14) -> 4 | C14: =SUMIF('08월 사용내역'!C$5:C$23,A14,'08월 사용내역'!B$5:B$23) -> 59100
A15: 합계 | B15: =SUM(B5:B14) -> 19 | C15: =SUM(C5:C14) -> 260240

Sheet 거래처별 합계
A1: 2026년 08월 거래처별 합계
A2: 08월 사용내역 시트를 기준으로 집계한 카드 결제액입니다.
A4: 거래처 | B4: 건수 | C4: 카드 결제액
A5: 고봉김밥 예술의전당점 | B5: =COUNTIF('08월 사용내역'!D$5:D$23,A5) -> 2 | C5: =SUMIF('08월 사용내역'!D$5:D$23,A5,'08월 사용내역'!B$5:B$23) -> 25000
A6: 세븐일레븐 서초예당점 | B6: =COUNTIF('08월 사용내역'!D$5:D$23,A6) -> 2 | C6: =SUMIF('08월 사용내역'!D$5:D$23,A6,'08월 사용내역'!B$5:B$23) -> 25300
A7: 순옥정 | B7: =COUNTIF('08월 사용내역'!D$5:D$23,A7) -> 1 | C7: =SUMIF('08월 사용내역'!D$5:D$23,A7,'08월 사용내역'!B$5:B$23) -> 14200
A8: 이마트24 서초점 | B8: =COUNTIF('08월 사용내역'!D$5:D$23,A8) -> 1 | C8: =SUMIF('08월 사용내역'!D$5:D$23,A8,'08월 사용내역'!B$5:B$23) -> 8800
A9: 이마트24 예술의전당점 | B9: =COUNTIF('08월 사용내역'!D$5:D$23,A9) -> 1 | C9: =SUMIF('08월 사용내역'!D$5:D$23,A9,'08월 사용내역'!B$5:B$23) -> 12340
A10: 제육대가(서초점) | B10: =COUNTIF('08월 사용내역'!D$5:D$23,A10) -> 2 | C10: =SUMIF('08월 사용내역'!D$5:D$23,A10,'08월 사용내역'!B$5:B$23) -> 29000
A11: 평안도식당 교대점 | B11: =COUNTIF('08월 사용내역'!D$5:D$23,A11) -> 1 | C11: =SUMIF('08월 사용내역'!D$5:D$23,A11,'08월 사용내역'!B$5:B$23) -> 14000
A12: 포호아 예술의전당점 | B12: =COUNTIF('08월 사용내역'!D$5:D$23,A12) -> 2 | C12: =SUMIF('08월 사용내역'!D$5:D$23,A12,'08월 사용내역'!B$5:B$23) -> 28500
A13: 프레디버거 교대역점 | B13: =COUNTIF('08월 사용내역'!D$5:D$23,A13) -> 1 | C13: =SUMIF('08월 사용내역'!D$5:D$23,A13,'08월 사용내역'!B$5:B$23) -> 15000
A14: 허수아비돈까스 | B14: =COUNTIF('08월 사용내역'!D$5:D$23,A14) -> 1 | C14: =SUMIF('08월 사용내역'!D$5:D$23,A14,'08월 사용내역'!B$5:B$23) -> 14000
A15: KFC 서초동점 | B15: =COUNTIF('08월 사용내역'!D$5:D$23,A15) -> 5 | C15: =SUMIF('08월 사용내역'!D$5:D$23,A15,'08월 사용내역'!B$5:B$23) -> 74100
A16: 합계 | B16: =SUM(B5:B15) -> 19 | C16: =SUM(C5:C15) -> 260240

Sheet 날짜별 합계
A1: 2026년 08월 날짜별 합계
A2: 08월 사용내역 시트를 기준으로 집계한 카드 결제액입니다.
A4: 날짜 | B4: 건수 | C4: 카드 결제액
A5: 46235 | B5: =COUNTIF('08월 사용내역'!A$5:A$23,A5) -> 2 | C5: =SUMIF('08월 사용내역'!A$5:A$23,A5,'08월 사용내역'!B$5:B$23) -> 30000
A6: 46236 | B6: =COUNTIF('08월 사용내역'!A$5:A$23,A6) -> 2 | C6: =SUMIF('08월 사용내역'!A$5:A$23,A6,'08월 사용내역'!B$5:B$23) -> 19300
A7: 46242 | B7: =COUNTIF('08월 사용내역'!A$5:A$23,A7) -> 2 | C7: =SUMIF('08월 사용내역'!A$5:A$23,A7,'08월 사용내역'!B$5:B$23) -> 25500
A8: 46243 | B8: =COUNTIF('08월 사용내역'!A$5:A$23,A8) -> 2 | C8: =SUMIF('08월 사용내역'!A$5:A$23,A8,'08월 사용내역'!B$5:B$23) -> 28600
A9: 46249 | B9: =COUNTIF('08월 사용내역'!A$5:A$23,A9) -> 2 | C9: =SUMIF('08월 사용내역'!A$5:A$23,A9,'08월 사용내역'!B$5:B$23) -> 29400
A10: 46251 | B10: =COUNTIF('08월 사용내역'!A$5:A$23,A10) -> 2 | C10: =SUMIF('08월 사용내역'!A$5:A$23,A10,'08월 사용내역'!B$5:B$23) -> 27240
A11: 46256 | B11: =COUNTIF('08월 사용내역'!A$5:A$23,A11) -> 2 | C11: =SUMIF('08월 사용내역'!A$5:A$23,A11,'08월 사용내역'!B$5:B$23) -> 28200
A12: 46257 | B12: =COUNTIF('08월 사용내역'!A$5:A$23,A12) -> 2 | C12: =SUMIF('08월 사용내역'!A$5:A$23,A12,'08월 사용내역'!B$5:B$23) -> 29300
A13: 46263 | B13: =COUNTIF('08월 사용내역'!A$5:A$23,A13) -> 2 | C13: =SUMIF('08월 사용내역'!A$5:A$23,A13,'08월 사용내역'!B$5:B$23) -> 29200
A14: 46264 | B14: =COUNTIF('08월 사용내역'!A$5:A$23,A14) -> 1 | C14: =SUMIF('08월 사용내역'!A$5:A$23,A14,'08월 사용내역'!B$5:B$23) -> 13500
A15: 합계 | B15: =SUM(B5:B14) -> 19 | C15: =SUM(C5:C14) -> 260240
